f60f72ccd01cc573add1878a498a4f6bd75467b7	565babef3a610f289fed0da38b58e550b5707e3e	docs(ids): record batch031-040 main merge evidence
35f7f3031647b0d989ac1829504103e8a64132ca	f60f72ccd01cc573add1878a498a4f6bd75467b7	feat(ids): define stage041 lock registry contract
7295065f344fcf286be419153788a774b271d42f	35f7f3031647b0d989ac1829504103e8a64132ca	feat(ids): implement stage041 lock registry phase2
c1e8de9c798b533cb93f68a39db00d81b11f68b8	7295065f344fcf286be419153788a774b271d42f	feat(ids): validate stage041 lock scenarios phase3
a49989cc0b60d4e8077f9cd5ce07f44c30760f10	c1e8de9c798b533cb93f68a39db00d81b11f68b8	feat(ids): close stage041 lock registry phase4
26de59a9c39b62cee8815bc25db195ce890fea8a	a49989cc0b60d4e8077f9cd5ce07f44c30760f10	feat(ids): complete stage041 lock registry review
217371b401e34e78cb3a61d930c7ab3a35dc46dd	26de59a9c39b62cee8815bc25db195ce890fea8a	feat(ids): define stage042 automatic lifecycle contract
205f33d2049de8e9174f50a8cbeb7e2898af44ed	217371b401e34e78cb3a61d930c7ab3a35dc46dd	feat(ids): implement stage042 lifecycle decision slice
bba58cc9e4fb676929960be5ef23f70e89563986	205f33d2049de8e9174f50a8cbeb7e2898af44ed	feat(ids): validate stage042 lifecycle scenarios
69a48c0c8eb912aece8c7253f7f322aed9dd2f66	bba58cc9e4fb676929960be5ef23f70e89563986	feat(ids): deliver stage042 lifecycle closeout
38ca6b40383b55c8cd3116baae9dea089a9516ce	69a48c0c8eb912aece8c7253f7f322aed9dd2f66	fix(ids): complete stage042 lifecycle review
e1679d247986eb03665d440185e04dd56223a364	38ca6b40383b55c8cd3116baae9dea089a9516ce	feat(ids): define stage043 crash recovery contract
